Name,Email,Username,Phone,Age,Address
Isabel,Brent77@hotmail.com,Ryder54,621.325.2612,35,Macao
Samantha,Kobe.OConnell@yahoo.com,Vanessa.Rogahn24,945-266-0615,60,Jordan
Autumn,Lucio_OKeefe@gmail.com,Keshawn_Batz27,987.529.1365,56,Antarctica
Buddy,Bo_McGlynn@gmail.com,Santos_Lemke55,(358) 884-7909 x599,42,Liberia
Nyah,Tyshawn.Willms-Volkman39@gmail.com,Ollie.Labadie86,835.958.0339 x4159,21,Cayman Islands
Lorenza,Trenton_Upton@gmail.com,Boris.Buckridge,(854) 970-9798 x52341,51,Benin
Gardner,Lenny.Bauch@gmail.com,Casimir.Koch82,809.468.4359 x5472,68,Kenya
Benton,Charles20@hotmail.com,Tremayne44,(243) 877-6007,33,Guadeloupe
Marisol,Eleanora.Cummerata@gmail.com,Ruthe.Crona21,1-489-344-4672 x85495,70,Fiji
Mathew,Isaias_Lind@gmail.com,Khalil_Collier,968-399-2646 x696,95,Eritrea
Missouri,Emory_Corkery@hotmail.com,Freddy.Dooley,(668) 786-7607 x137,41,Tunisia
Shana,Berenice35@yahoo.com,Shaun84,426.773.5912 x0806,66,"Bonaire, Sint Eustatius and Saba"
Richard,Vincent52@hotmail.com,Anderson_Gutmann,(638) 785-4099 x7512,91,Mozambique
Rickie,Reva_Mayert-Rau92@hotmail.com,Rebekah.Lind6,810.950.6062 x19203,80,Norway
Jermain,Nona83@yahoo.com,Ariane_Borer,617.472.9194,66,Guam
Chaz,Hardy_Bosco0@yahoo.com,Eve87,(553) 252-6768,19,Sudan
Roman,Lelia_Rohan71@hotmail.com,Elroy.Kertzmann83,883.391.2916 x292,52,Anguilla
Kari,Saul_Mosciski@yahoo.com,Kayley_Dicki,870-664-8868 x05221,44,China
Shannon,Abigale96@yahoo.com,Blaze66,603.643.2612 x682,30,Ethiopia
Kylie,Candice.Kling@yahoo.com,Raphaelle_Roberts,1-214-565-9462 x11902,30,Togo
